{
  "12801000": "Adams",
  "12802000": "Bacarra",
  "12803000": "Badoc",
  "12804000": "Bangui",
  "12805000": "City of Batac",
  "12806000": "Burgos",
  "12807000": "Carasi",
  "12808000": "Currimao",
  "12809000": "Dingras",
  "12810000": "Dumalneg",
  "12811000": "Banna (Espiritu)",
  "12812000": "LAOAG CITY (Capital)",
  "12813000": "Marcos",
  "12814000": "Nueva Era",
  "12815000": "Pagudpud",
  "12816000": "Paoay",
  "12817000": "PASUQUIN",
  "12818000": "PIDDIG",
  "12819000": "PINILI",
  "12820000": "SAN NICOLAS",
  "12821000": "SARRAT",
  "12822000": "SOLSONA",
  "12823000": "VINTAR",
  "12901000": "ALILEM",
  "12902000": "BANAYOYO",
  "12903000": "Bantay",
  "12904000": "Burgos",
  "12905000": "CABUGAO",
  "12906000": "CITY OF CANDON",
  "12907000": "CAOAYAN",
  "12908000": "CERVANTES",
  "12909000": "GALIMUYOD",
  "12910000": "GREGORIO DEL PILAR (CONCEPCION)",
  "12911000": "LIDLIDDA",
  "12912000": "MAGSINGAL",
  "12913000": "NAGBUKEL",
  "12914000": "NARVACAN",
  "12915000": "QUIRINO (ANGKAKI)",
  "12916000": "SALCEDO (BAUGEN)",
  "12917000": "SAN EMILIO",
  "12918000": "SAN ESTEBAN",
  "12919000": "SAN ILDEFONSO",
  "12920000": "SAN JUAN (LAPOG)",
  "12921000": "SAN VICENTE",
  "12922000": "SANTA",
  "12923000": "SANTA CATALINA",
  "12924000": "SANTA CRUZ",
  "12925000": "SANTA LUCIA",
  "12926000": "SANTA MARIA",
  "12927000": "SANTIAGO",
  "12928000": "SANTO DOMINGO",
  "12929000": "SIGAY",
  "12930000": "SINAIT",
  "12931000": "SUGPON",
  "12932000": "SUYO",
  "12933000": "TAGUDIN",
  "12934000": "CITY OF VIGAN (Capital)",
  "13301000": "AGOO",
  "13302000": "ARINGAY",
  "13303000": "BACNOTAN",
  "13304000": "BAGULIN",
  "13305000": "BALAOAN",
  "13306000": "BANGAR",
  "13307000": "BAUANG",
  "13308000": "BURGOS",
  "13309000": "CABA",
  "13310000": "LUNA",
  "13311000": "NAGUILIAN",
  "13312000": "PUGO",
  "13313000": "ROSARIO",
  "13314000": "CITY OF SAN FERNANDO (Capital)",
  "13315000": "SAN GABRIEL",
  "13316000": "SAN JUAN",
  "13317000": "SANTO TOMAS",
  "13318000": "SANTOL",
  "13319000": "SUDIPEN",
  "13320000": "TUBAO",
  "15501000": "AGNO",
  "15502000": "AGUILAR",
  "15503000": "CITY OF ALAMINOS",
  "15504000": "ALCALA",
  "15505000": "ANDA",
  "15506000": "ASINGAN",
  "15507000": "BALUNGAO",
  "15508000": "BANI",
  "15509000": "BASISTA",
  "15510000": "BAUTISTA",
  "15511000": "BAYAMBANG",
  "15512000": "BINALONAN",
  "15513000": "BINMALEY",
  "15514000": "BOLINAO",
  "15515000": "BUGALLON",
  "15516000": "BURGOS",
  "15517000": "CALASIAO",
  "15518000": "DAGUPAN CITY",
  "15519000": "DASOL",
  "15520000": "INFANTA",
  "15521000": "LABRADOR",
  "15522000": "LINGAYEN (Capital)",
  "15523000": "MABINI",
  "15524000": "MALASIQUI",
  "15525000": "MANAOAG",
  "15526000": "MANGALDAN",
  "15527000": "MANGATAREM",
  "15528000": "MAPANDAN",
  "15529000": "NATIVIDAD",
  "15530000": "POZORRUBIO",
  "15531000": "ROSALES",
  "15532000": "SAN CARLOS CITY",
  "15533000": "SAN FABIAN",
  "15534000": "SAN JACINTO",
  "15535000": "SAN MANUEL",
  "15536000": "SAN NICOLAS",
  "15537000": "SAN QUINTIN",
  "15538000": "SANTA BARBARA",
  "15539000": "SANTA MARIA",
  "15540000": "SANTO TOMAS",
  "15541000": "SISON",
  "15542000": "SUAL",
  "15543000": "TAYUG",
  "15544000": "UMINGAN",
  "15545000": "URBIZTONDO",
  "15546000": "CITY OF URDANETA",
  "15547000": "VILLASIS",
  "15548000": "LAOAC",
  "20901000": "BASCO (Capital)",
  "20902000": "ITBAYAT",
  "20903000": "IVANA",
  "20904000": "MAHATAO",
  "20905000": "SABTANG",
  "20906000": "UYUGAN",
  "21501000": "ABULUG",
  "21502000": "ALCALA",
  "21503000": "ALLACAPAN",
  "21504000": "AMULUNG",
  "21505000": "APARRI",
  "21506000": "BAGGAO",
  "21507000": "BALLESTEROS",
  "21508000": "BUGUEY",
  "21509000": "CALAYAN",
  "21510000": "CAMALANIUGAN",
  "21511000": "CLAVERIA",
  "21512000": "ENRILE",
  "21513000": "GATTARAN",
  "21514000": "GONZAGA",
  "21515000": "IGUIG",
  "21516000": "LAL-LO",
  "21517000": "LASAM",
  "21518000": "PAMPLONA",
  "21519000": "PENABLANCA",
  "21520000": "PIAT",
  "21521000": "RIZAL",
  "21522000": "SANCHEZ-MIRA",
  "21523000": "SANTA ANA",
  "21524000": "SANTA PRAXEDES",
  "21525000": "SANTA TERESITA",
  "21526000": "SANTO NI",
  "21527000": "SOLANA",
  "21528000": "TUAO",
  "21529000": "TUGUEGARAO CITY (Capital)",
  "23101000": "ALICIA",
  "23102000": "ANGADANAN",
  "23103000": "AURORA",
  "23104000": "BENITO SOLIVEN",
  "23105000": "BURGOS",
  "23106000": "CABAGAN",
  "23107000": "CABATUAN",
  "23108000": "CITY OF CAUAYAN",
  "23109000": "CORDON",
  "23110000": "DINAPIGUE",
  "23111000": "DIVILACAN",
  "23112000": "ECHAGUE",
  "23113000": "GAMU",
  "23114000": "ILAGAN CITY(Capital)",
  "23115000": "JONES",
  "23116000": "LUNA",
  "23117000": "MACONACON",
  "23118000": "DELFIN ALBANO (MAGSAYSAY)",
  "23119000": "MALLIG",
  "23120000": "NAGUILIAN",
  "23121000": "PALANAN",
  "23122000": "QUEZON",
  "23123000": "QUIRINO",
  "23124000": "RAMON",
  "23125000": "REINA MERCEDES",
  "23126000": "ROXAS",
  "23127000": "SAN AGUSTIN",
  "23128000": "SAN GUILLERMO",
  "23129000": "SAN ISIDRO",
  "23130000": "SAN MANUEL",
  "23131000": "SAN MARIANO",
  "23132000": "SAN MATEO",
  "23133000": "SAN PABLO",
  "23134000": "SANTA MARIA",
  "23135000": "CITY OF SANTIAGO",
  "23136000": "SANTO TOMAS",
  "23137000": "TUMAUINI",
  "25001000": "AMBAGUIO",
  "25002000": "ARITAO",
  "25003000": "BAGABAG",
  "25004000": "BAMBANG",
  "25005000": "BAYOMBONG (Capital)",
  "25006000": "DIADI",
  "25007000": "DUPAX DEL NORTE",
  "25008000": "DUPAX DEL SUR",
  "25009000": "KASIBU",
  "25010000": "KAYAPA",
  "25011000": "QUEZON",
  "25012000": "SANTA FE",
  "25013000": "SOLANO",
  "25014000": "VILLAVERDE",
  "25015000": "ALFONSO CASTANEDA",
  "25701000": "AGLIPAY",
  "25702000": "CABARROGUIS (Capital)",
  "25703000": "DIFFUN",
  "25704000": "MADDELA",
  "25705000": "SAGUDAY",
  "25706000": "NAGTIPUNAN",
  "30801000": "ABUCAY",
  "30802000": "BAGAC",
  "30803000": "CITY OF BALANGA (Capital)",
  "30804000": "DINALUPIHAN",
  "30805000": "HERMOSA",
  "30806000": "LIMAY",
  "30807000": "MARIVELES",
  "30808000": "MORONG",
  "30809000": "ORANI",
  "30810000": "ORION",
  "30811000": "PILAR",
  "30812000": "SAMAL",
  "31401000": "ANGAT",
  "31402000": "BALAGTAS (BIGAA)",
  "31403000": "BALIUAG",
  "31404000": "BOCAUE",
  "31405000": "BULACAN",
  "31406000": "BUSTOS",
  "31407000": "CALUMPIT",
  "31408000": "GUIGUINTO",
  "31409000": "HAGONOY",
  "31410000": "CITY OF MALOLOS (Capital)",
  "31411000": "MARILAO",
  "31412000": "CITY OF MEYCAUAYAN",
  "31413000": "NORZAGARAY",
  "31414000": "OBANDO",
  "31415000": "PANDI",
  "31416000": "PAOMBONG",
  "31417000": "PLARIDEL",
  "31418000": "PULILAN",
  "31419000": "SAN ILDEFONSO",
  "31420000": "CITY OF SAN JOSE DEL MONTE",
  "31421000": "SAN MIGUEL",
  "31422000": "SAN RAFAEL",
  "31423000": "SANTA MARIA",
  "31424000": "DO",
  "34901000": "ALIAGA",
  "34902000": "BONGABON",
  "34903000": "CABANATUAN CITY",
  "34904000": "CABIAO",
  "34905000": "CARRANGLAN",
  "34906000": "CUYAPO",
  "34907000": "GABALDON (BITULOK & SABANI)",
  "34908000": "CITY OF GAPAN",
  "34909000": "GENERAL MAMERTO NATIVIDAD",
  "34910000": "GENERAL TINIO (PAPAYA)",
  "34911000": "GUIMBA",
  "34912000": "JAEN",
  "34913000": "LAUR",
  "34914000": "LICAB",
  "34915000": "LLANERA",
  "34916000": "LUPAO",
  "34917000": "SCIENCE CITY OF MUNOZ",
  "34918000": "NAMPICUAN",
  "34919000": "PALAYAN CITY (Capital)",
  "34920000": "PANTABANGAN",
  "34921000": "PENARANDA",
  "34922000": "QUEZON",
  "34923000": "RIZAL",
  "34924000": "SAN ANTONIO",
  "34925000": "SAN ISIDRO",
  "34926000": "SAN JOSE CITY",
  "34927000": "SAN LEONARDO",
  "34928000": "SANTA ROSA",
  "34929000": "SANTO DOMINGO",
  "34930000": "TALAVERA",
  "34931000": "TALUGTUG",
  "34932000": "ZARAGOZA",
  "35401000": "ANGELES CITY",
  "35402000": "APALIT",
  "35403000": "ARAYAT",
  "35404000": "BACOLOR",
  "35405000": "CANDABA",
  "35406000": "FLORIDABLANCA",
  "35407000": "GUAGUA",
  "35408000": "LUBAO",
  "35409000": "MABALACAT CITY",
  "35410000": "MACABEBE",
  "35411000": "MAGALANG",
  "35412000": "MASANTOL",
  "35413000": "MEXICO",
  "35414000": "MINALIN",
  "35415000": "PORAC",
  "35416000": "CITY OF SAN FERNANDO (Capital)",
  "35417000": "SAN LUIS",
  "35418000": "SAN SIMON",
  "35419000": "SANTA ANA",
  "35420000": "SANTA RITA",
  "35421000": "SANTO TOMAS",
  "35422000": "SASMUAN (Sexmoan)",
  "36901000": "ANAO",
  "36902000": "BAMBAN",
  "36903000": "CAMILING",
  "36904000": "CAPAS",
  "36905000": "CONCEPCION",
  "36906000": "GERONA",
  "36907000": "LA PAZ",
  "36908000": "MAYANTOC",
  "36909000": "MONCADA",
  "36910000": "PANIQUI",
  "36911000": "PURA",
  "36912000": "RAMOS",
  "36913000": "SAN CLEMENTE",
  "36914000": "SAN MANUEL",
  "36915000": "SANTA IGNACIA",
  "36916000": "CITY OF TARLAC (Capital)",
  "36917000": "VICTORIA",
  "36918000": "SAN JOSE",
  "37101000": "BOTOLAN",
  "37102000": "CABANGAN",
  "37103000": "CANDELARIA",
  "37104000": "CASTILLEJOS",
  "37105000": "IBA (Capital)",
  "37106000": "MASINLOC",
  "37107000": "OLONGAPO CITY",
  "37108000": "PALAUIG",
  "37109000": "SAN ANTONIO",
  "37110000": "SAN FELIPE",
  "37111000": "SAN MARCELINO",
  "37112000": "SAN NARCISO",
  "37113000": "SANTA CRUZ",
  "37114000": "SUBIC",
  "37701000": "BALER (Capital)",
  "37702000": "CASIGURAN",
  "37703000": "DILASAG",
  "37704000": "DINALUNGAN",
  "37705000": "DINGALAN",
  "37706000": "DIPACULAO",
  "37707000": "MARIA AURORA",
  "37708000": "SAN LUIS",
  "41001000": "AGONCILLO",
  "41002000": "ALITAGTAG",
  "41003000": "BALAYAN",
  "41004000": "BALETE",
  "41005000": "BATANGAS CITY (Capital)",
  "41006000": "BAUAN",
  "41007000": "CALACA",
  "41008000": "CALATAGAN",
  "41009000": "CUENCA",
  "41010000": "IBAAN",
  "41011000": "LAUREL",
  "41012000": "LEMERY",
  "41013000": "LIAN",
  "41014000": "LIPA CITY",
  "41015000": "LOBO",
  "41016000": "MABINI",
  "41017000": "MALVAR",
  "41018000": "MATAASNAKAHOY",
  "41019000": "NASUGBU",
  "41020000": "PADRE GARCIA",
  "41021000": "ROSARIO",
  "41022000": "SAN JOSE",
  "41023000": "SAN JUAN",
  "41024000": "SAN LUIS",
  "41025000": "SAN NICOLAS",
  "41026000": "SAN PASCUAL",
  "41027000": "SANTA TERESITA",
  "41028000": "SANTO TOMAS",
  "41029000": "TAAL",
  "41030000": "TALISAY",
  "41031000": "CITY OF TANAUAN",
  "41032000": "TAYSAN",
  "41033000": "TINGLOY",
  "41034000": "TUY",
  "42101000": "ALFONSO",
  "42102000": "AMADEO",
  "42103000": "BACOOR CITY",
  "42104000": "CARMONA",
  "42105000": "CAVITE CITY",
  "42106000": "CITY OF DASMARI",
  "42107000": "GENERAL EMILIO AGUINALDO",
  "42108000": "GENERAL TRIAS",
  "42109000": "IMUS CITY",
  "42110000": "INDANG",
  "42111000": "KAWIT",
  "42112000": "MAGALLANES",
  "42113000": "MARAGONDON",
  "42114000": "MENDEZ (MENDEZ-NU",
  "42115000": "NAIC",
  "42116000": "NOVELETA",
  "42117000": "ROSARIO",
  "42118000": "SILANG",
  "42119000": "TAGAYTAY CITY",
  "42120000": "TANZA",
  "42121000": "TERNATE",
  "42122000": "TRECE MARTIRES CITY (Capital)",
  "42123000": "GEN. MARIANO ALVAREZ",
  "43401000": "ALAMINOS",
  "43402000": "BAY",
  "43403000": "CITY OF BINAN",
  "43404000": "CABUYAO CITY",
  "43405000": "CITY OF CALAMBA",
  "43406000": "CALAUAN",
  "43407000": "CAVINTI",
  "43408000": "FAMY",
  "43409000": "KALAYAAN",
  "43410000": "LILIW",
  "43411000": "LOS BA",
  "43412000": "LUISIANA",
  "43413000": "LUMBAN",
  "43414000": "MABITAC",
  "43415000": "MAGDALENA",
  "43416000": "MAJAYJAY",
  "43417000": "NAGCARLAN",
  "43418000": "PAETE",
  "43419000": "PAGSANJAN",
  "43420000": "PAKIL",
  "43421000": "PANGIL",
  "43422000": "PILA",
  "43423000": "RIZAL",
  "43424000": "SAN PABLO CITY",
  "43425000": "CITY OF SAN PEDRO",
  "43426000": "SANTA CRUZ (Capital)",
  "43427000": "SANTA MARIA",
  "43428000": "CITY OF SANTA ROSA",
  "43429000": "SINILOAN",
  "43430000": "VICTORIA",
  "45601000": "AGDANGAN",
  "45602000": "ALABAT",
  "45603000": "ATIMONAN",
  "45605000": "BUENAVISTA",
  "45606000": "BURDEOS",
  "45607000": "CALAUAG",
  "45608000": "CANDELARIA",
  "45610000": "CATANAUAN",
  "45615000": "DOLORES",
  "45616000": "GENERAL LUNA",
  "45617000": "GENERAL NAKAR",
  "45618000": "GUINAYANGAN",
  "45619000": "GUMACA",
  "45620000": "INFANTA",
  "45621000": "JOMALIG",
  "45622000": "LOPEZ",
  "45623000": "LUCBAN",
  "45624000": "LUCENA CITY (Capital)",
  "45625000": "MACALELON",
  "45627000": "MAUBAN",
  "45628000": "MULANAY",
  "45629000": "PADRE BURGOS",
  "45630000": "PAGBILAO",
  "45631000": "PANUKULAN",
  "45632000": "PATNANUNGAN",
  "45633000": "PEREZ",
  "45634000": "PITOGO",
  "45635000": "PLARIDEL",
  "45636000": "POLILLO",
  "45637000": "QUEZON",
  "45638000": "REAL",
  "45639000": "SAMPALOC",
  "45640000": "SAN ANDRES",
  "45641000": "SAN ANTONIO",
  "45642000": "SAN FRANCISCO (AURORA)",
  "45644000": "SAN NARCISO",
  "45645000": "SARIAYA",
  "45646000": "TAGKAWAYAN",
  "45647000": "CITY OF TAYABAS",
  "45648000": "TIAONG",
  "45649000": "UNISAN",
  "45801000": "ANGONO",
  "45802000": "CITY OF ANTIPOLO",
  "45803000": "BARAS",
  "45804000": "BINANGONAN",
  "45805000": "CAINTA",
  "45806000": "CARDONA",
  "45807000": "JALA-JALA",
  "45808000": "RODRIGUEZ (MONTALBAN)",
  "45809000": "MORONG",
  "45810000": "PILILLA",
  "45811000": "SAN MATEO",
  "45812000": "TANAY",
  "45813000": "TAYTAY",
  "45814000": "TERESA",
  "50501000": "BACACAY",
  "50502000": "CAMALIG",
  "50503000": "DARAGA (LOCSIN)",
  "50504000": "GUINOBATAN",
  "50505000": "JOVELLAR",
  "50506000": "LEGAZPI CITY (Capital)",
  "50507000": "LIBON",
  "50508000": "CITY OF LIGAO",
  "50509000": "MALILIPOT",
  "50510000": "MALINAO",
  "50511000": "MANITO",
  "50512000": "OAS",
  "50513000": "PIO DURAN",
  "50514000": "POLANGUI",
  "50515000": "RAPU-RAPU",
  "50516000": "SANTO DOMINGO (LIBOG)",
  "50517000": "CITY OF TABACO",
  "50518000": "TIWI",
  "51601000": "BASUD",
  "51602000": "CAPALONGA",
  "51603000": "DAET (Capital)",
  "51604000": "SAN LORENZO RUIZ (IMELDA)",
  "51605000": "JOSE PANGANIBAN",
  "51606000": "LABO",
  "51607000": "MERCEDES",
  "51608000": "PARACALE",
  "51609000": "SAN VICENTE",
  "51610000": "SANTA ELENA",
  "51611000": "TALISAY",
  "51612000": "VINZONS",
  "51701000": "BAAO",
  "51702000": "BALATAN",
  "51703000": "BATO",
  "51704000": "BOMBON",
  "51705000": "BUHI",
  "51706000": "BULA",
  "51707000": "CABUSAO",
  "51708000": "CALABANGA",
  "51709000": "CAMALIGAN",
  "51710000": "CANAMAN",
  "51711000": "CARAMOAN",
  "51712000": "DEL GALLEGO",
  "51713000": "GAINZA",
  "51714000": "GARCHITORENA",
  "51715000": "GOA",
  "51716000": "IRIGA CITY",
  "51717000": "LAGONOY",
  "51718000": "LIBMANAN",
  "51719000": "LUPI",
  "51720000": "MAGARAO",
  "51721000": "MILAOR",
  "51722000": "MINALABAC",
  "51723000": "NABUA",
  "51724000": "NAGA CITY",
  "51725000": "OCAMPO",
  "51726000": "PAMPLONA",
  "51727000": "PASACAO",
  "51728000": "PILI (Capital)",
  "51729000": "PRESENTACION (PARUBCAN)",
  "51730000": "RAGAY",
  "51731000": "SAGNAY",
  "51732000": "SAN FERNANDO",
  "51733000": "SAN JOSE",
  "51734000": "SIPOCOT",
  "51735000": "SIRUMA",
  "51736000": "TIGAON",
  "51737000": "TINAMBAC",
  "52001000": "BAGAMANOC",
  "52002000": "BARAS",
  "52003000": "BATO",
  "52004000": "CARAMORAN",
  "52005000": "GIGMOTO",
  "52006000": "PANDAN",
  "52007000": "PANGANIBAN (PAYO)",
  "52008000": "SAN ANDRES (CALOLBON)",
  "52009000": "SAN MIGUEL",
  "52010000": "VIGA",
  "52011000": "VIRAC (Capital)",
  "54101000": "AROROY",
  "54102000": "BALENO",
  "54103000": "BALUD",
  "54104000": "BATUAN",
  "54105000": "CATAINGAN",
  "54106000": "CAWAYAN",
  "54107000": "CLAVERIA",
  "54108000": "DIMASALANG",
  "54109000": "ESPERANZA",
  "54110000": "MANDAON",
  "54111000": "CITY OF MASBATE (Capital)",
  "54112000": "MILAGROS",
  "54113000": "MOBO",
  "54114000": "MONREAL",
  "54115000": "PALANAS",
  "54116000": "PIO V. CORPUZ (LIMBUHAN)",
  "54117000": "PLACER",
  "54118000": "SAN FERNANDO",
  "54119000": "SAN JACINTO",
  "54120000": "SAN PASCUAL",
  "54121000": "USON",
  "56202000": "BARCELONA",
  "56203000": "BULAN",
  "56204000": "BULUSAN",
  "56205000": "CASIGURAN",
  "56206000": "CASTILLA",
  "56207000": "DONSOL",
  "56208000": "GUBAT",
  "56209000": "IROSIN",
  "56210000": "JUBAN",
  "56211000": "MAGALLANES",
  "56212000": "MATNOG",
  "56213000": "PILAR",
  "56214000": "PRIETO DIAZ",
  "56215000": "SANTA MAGDALENA",
  "56216000": "CITY OF SORSOGON (Capital)",
  "60401000": "ALTAVAS",
  "60402000": "BALETE",
  "60403000": "BANGA",
  "60404000": "BATAN",
  "60405000": "BURUANGA",
  "60406000": "IBAJAY",
  "60407000": "KALIBO (Capital)",
  "60408000": "LEZO",
  "60409000": "LIBACAO",
  "60410000": "MADALAG",
  "60411000": "MAKATO",
  "60412000": "MALAY",
  "60413000": "MALINAO",
  "60414000": "NABAS",
  "60415000": "NEW WASHINGTON",
  "60416000": "NUMANCIA",
  "60417000": "TANGALAN",
  "60601000": "ANINI-Y",
  "60602000": "BARBAZA",
  "60603000": "BELISON",
  "60604000": "BUGASONG",
  "60605000": "CALUYA",
  "60606000": "CULASI",
  "60607000": "TOBIAS FORNIER (DAO)",
  "60608000": "HAMTIC",
  "60609000": "LAUA-AN",
  "60610000": "LIBERTAD",
  "60611000": "PANDAN",
  "60612000": "PATNONGON",
  "60613000": "SAN JOSE (Capital)",
  "60614000": "SAN REMIGIO",
  "60615000": "SEBASTE",
  "60616000": "SIBALOM",
  "60617000": "TIBIAO",
  "60618000": "VALDERRAMA",
  "61901000": "CUARTERO",
  "61902000": "DAO",
  "61903000": "DUMALAG",
  "61904000": "DUMARAO",
  "61905000": "IVISAN",
  "61906000": "JAMINDAN",
  "61907000": "MA-AYON",
  "61908000": "MAMBUSAO",
  "61909000": "PANAY",
  "61910000": "PANITAN",
  "61911000": "PILAR",
  "61912000": "PONTEVEDRA",
  "61913000": "PRESIDENT ROXAS",
  "61914000": "ROXAS CITY (Capital)",
  "61915000": "SAPI-AN",
  "61916000": "SIGMA",
  "61917000": "TAPAZ",
  "63001000": "AJUY",
  "63002000": "ALIMODIAN",
  "63003000": "ANILAO",
  "63004000": "BADIANGAN",
  "63005000": "BALASAN",
  "63006000": "BANATE",
  "63007000": "BAROTAC NUEVO",
  "63008000": "BAROTAC VIEJO",
  "63009000": "BATAD",
  "63010000": "BINGAWAN",
  "63012000": "CABATUAN",
  "63013000": "CALINOG",
  "63014000": "CARLES",
  "63015000": "CONCEPCION",
  "63016000": "DINGLE",
  "63017000": "DUEnAS",
  "63018000": "DUMANGAS",
  "63019000": "ESTANCIA",
  "63020000": "GUIMBAL",
  "63021000": "IGBARAS",
  "63022000": "ILOILO CITY (Capital)",
  "63023000": "JANIUAY",
  "63025000": "LAMBUNAO",
  "63026000": "LEGANES",
  "63027000": "LEMERY",
  "63028000": "LEON",
  "63029000": "MAASIN",
  "63030000": "MIAGAO",
  "63031000": "MINA",
  "63032000": "NEW LUCENA",
  "63034000": "OTON",
  "63035000": "CITY OF PASSI",
  "63036000": "PAVIA",
  "63037000": "POTOTAN",
  "63038000": "SAN DIONISIO",
  "63039000": "SAN ENRIQUE",
  "63040000": "SAN JOAQUIN",
  "63041000": "SAN MIGUEL",
  "63042000": "SAN RAFAEL",
  "63043000": "SANTA BARBARA",
  "63044000": "SARA",
  "63045000": "TIGBAUAN",
  "63046000": "TUBUNGAN",
  "63047000": "ZARRAGA",
  "64501000": "BACOLOD CITY (Capital)",
  "64502000": "BAGO CITY",
  "64503000": "BINALBAGAN",
  "64504000": "CADIZ CITY",
  "64505000": "CALATRAVA",
  "64506000": "CANDONI",
  "64507000": "CAUAYAN",
  "64508000": "ENRIQUE B. MAGALONA (SARAVIA)",
  "64509000": "CITY OF ESCALANTE",
  "64510000": "CITY OF HIMAMAYLAN",
  "64511000": "HINIGARAN",
  "64512000": "HINOBA-AN (ASIA)",
  "64513000": "ILOG",
  "64514000": "ISABELA",
  "64515000": "CITY OF KABANKALAN",
  "64516000": "LA CARLOTA CITY",
  "64517000": "LA CASTELLANA",
  "64518000": "MANAPLA",
  "64519000": "MOISES PADILLA (MAGALLON)",
  "64520000": "MURCIA",
  "64521000": "PONTEVEDRA",
  "64522000": "PULUPANDAN",
  "64523000": "SAGAY CITY",
  "64524000": "SAN CARLOS CITY",
  "64525000": "SAN ENRIQUE",
  "64526000": "SILAY CITY",
  "64527000": "CITY OF SIPALAY",
  "64528000": "CITY OF TALISAY",
  "64529000": "TOBOSO",
  "64530000": "VALLADOLID",
  "64531000": "CITY OF VICTORIAS",
  "64532000": "SALVADOR BENEDICTO",
  "67901000": "BUENAVISTA",
  "67902000": "JORDAN (Capital)",
  "67903000": "NUEVA VALENCIA",
  "67904000": "SAN LORENZO",
  "67905000": "SIBUNAG",
  "71201000": "ALBURQUERQUE",
  "71202000": "ALICIA",
  "71203000": "ANDA",
  "71204000": "ANTEQUERA",
  "71205000": "BACLAYON",
  "71206000": "BALILIHAN",
  "71207000": "BATUAN",
  "71208000": "BILAR",
  "71209000": "BUENAVISTA",
  "71210000": "CALAPE",
  "71211000": "CANDIJAY",
  "71212000": "CARMEN",
  "71213000": "CATIGBIAN",
  "71214000": "CLARIN",
  "71215000": "CORELLA",
  "71216000": "CORTES",
  "71217000": "DAGOHOY",
  "71218000": "DANAO",
  "71219000": "DAUIS",
  "71220000": "DIMIAO",
  "71221000": "DUERO",
  "71222000": "GARCIA HERNANDEZ",
  "71223000": "GUINDULMAN",
  "71224000": "INABANGA",
  "71225000": "JAGNA",
  "71226000": "JETAFE",
  "71227000": "LILA",
  "71228000": "LOAY",
  "71229000": "LOBOC",
  "71230000": "LOON",
  "71231000": "MABINI",
  "71232000": "MARIBOJOC",
  "71233000": "PANGLAO",
  "71234000": "PILAR",
  "71235000": "PRES. CARLOS P. GARCIA (PITOGO)",
  "71236000": "SAGBAYAN (BORJA)",
  "71237000": "SAN ISIDRO",
  "71238000": "SAN MIGUEL",
  "71239000": "SEVILLA",
  "71240000": "SIERRA BULLONES",
  "71241000": "SIKATUNA",
  "71242000": "TAGBILARAN CITY (Capital)",
  "71243000": "TALIBON",
  "71244000": "TRINIDAD",
  "71245000": "TUBIGON",
  "71246000": "UBAY",
  "71247000": "VALENCIA",
  "71248000": "BIEN UNIDO",
  "72201000": "ALCANTARA",
  "72202000": "ALCOY",
  "72203000": "ALEGRIA",
  "72204000": "ALOGUINSAN",
  "72205000": "ARGAO",
  "72206000": "ASTURIAS",
  "72207000": "BADIAN",
  "72208000": "BALAMBAN",
  "72209000": "BANTAYAN",
  "72210000": "BARILI",
  "72211000": "CITY OF BOGO",
  "72212000": "BOLJOON",
  "72213000": "BORBON",
  "72214000": "CITY OF CARCAR",
  "72215000": "CARMEN",
  "72216000": "CATMON",
  "72217000": "CEBU CITY (Capital)",
  "72218000": "COMPOSTELA",
  "72219000": "CONSOLACION",
  "72220000": "CORDOBA",
  "72221000": "DAANBANTAYAN",
  "72222000": "DALAGUETE",
  "72223000": "DANAO CITY",
  "72224000": "DUMANJUG",
  "72225000": "GINATILAN",
  "72226000": "LAPU-LAPU CITY (OPON)",
  "72227000": "LILOAN",
  "72228000": "MADRIDEJOS",
  "72229000": "MALABUYOC",
  "72230000": "MANDAUE CITY",
  "72231000": "MEDELLIN",
  "72232000": "MINGLANILLA",
  "72233000": "MOALBOAL",
  "72234000": "CITY OF NAGA",
  "72235000": "OSLOB",
  "72236000": "PILAR",
  "72237000": "PINAMUNGAHAN",
  "72238000": "PORO",
  "72239000": "RONDA",
  "72240000": "SAMBOAN",
  "72241000": "SAN FERNANDO",
  "72242000": "SAN FRANCISCO",
  "72243000": "SAN REMIGIO",
  "72244000": "SANTA FE",
  "72245000": "SANTANDER",
  "72246000": "SIBONGA",
  "72247000": "SOGOD",
  "72248000": "TABOGON",
  "72249000": "TABUELAN",
  "72250000": "CITY OF TALISAY",
  "72251000": "TOLEDO CITY",
  "72252000": "TUBURAN",
  "72253000": "TUDELA",
  "74601000": "AMLAN (AYUQUITAN)",
  "74602000": "AYUNGON",
  "74603000": "BACONG",
  "74604000": "BAIS CITY",
  "74605000": "BASAY",
  "74606000": "CITY OF BAYAWAN (TULONG)",
  "74607000": "BINDOY (PAYABON)",
  "74608000": "CANLAON CITY",
  "74609000": "DAUIN",
  "74610000": "DUMAGUETE CITY (Capital)",
  "74611000": "CITY OF GUIHULNGAN",
  "74612000": "JIMALALUD",
  "74613000": "LA LIBERTAD",
  "74614000": "MABINAY",
  "74615000": "MANJUYOD",
  "74616000": "PAMPLONA",
  "74617000": "SAN JOSE",
  "74618000": "SANTA CATALINA",
  "74619000": "SIATON",
  "74620000": "SIBULAN",
  "74621000": "CITY OF TANJAY",
  "74622000": "TAYASAN",
  "74623000": "VALENCIA (LUZURRIAGA)",
  "74624000": "VALLEHERMOSO",
  "74625000": "ZAMBOANGUITA",
  "76101000": "ENRIQUE VILLANUEVA",
  "76102000": "LARENA",
  "76103000": "LAZI",
  "76104000": "MARIA",
  "76105000": "SAN JUAN",
  "76106000": "SIQUIJOR (Capital)",
  "82601000": "ARTECHE",
  "82602000": "BALANGIGA",
  "82603000": "BALANGKAYAN",
  "82604000": "CITY OF BORONGAN (Capital)",
  "82605000": "CAN-AVID",
  "82606000": "DOLORES",
  "82607000": "GENERAL MACARTHUR",
  "82608000": "GIPORLOS",
  "82609000": "GUIUAN",
  "82610000": "HERNANI",
  "82611000": "JIPAPAD",
  "82612000": "LAWAAN",
  "82613000": "LLORENTE",
  "82614000": "MASLOG",
  "82615000": "MAYDOLONG",
  "82616000": "MERCEDES",
  "82617000": "ORAS",
  "82618000": "QUINAPONDAN",
  "82619000": "SALCEDO",
  "82620000": "SAN JULIAN",
  "82621000": "SAN POLICARPO",
  "82622000": "SULAT",
  "82623000": "TAFT",
  "83701000": "ABUYOG",
  "83702000": "ALANGALANG",
  "83703000": "ALBUERA",
  "83705000": "BABATNGON",
  "83706000": "BARUGO",
  "83707000": "BATO",
  "83708000": "CITY OF BAYBAY",
  "83710000": "BURAUEN",
  "83713000": "CALUBIAN",
  "83714000": "CAPOOCAN",
  "83715000": "CARIGARA",
  "83717000": "DAGAMI",
  "83718000": "DULAG",
  "83719000": "HILONGOS",
  "83720000": "HINDANG",
  "83721000": "INOPACAN",
  "83722000": "ISABEL",
  "83723000": "JARO",
  "83724000": "JAVIER (BUGHO)",
  "83725000": "JULITA",
  "83726000": "KANANGA",
  "83728000": "LA PAZ",
  "83729000": "LEYTE",
  "83730000": "MACARTHUR",
  "83731000": "MAHAPLAG",
  "83733000": "MATAG-OB",
  "83734000": "MATALOM",
  "83735000": "MAYORGA",
  "83736000": "MERIDA",
  "83738000": "ORMOC CITY",
  "83739000": "PALO",
  "83740000": "PALOMPON",
  "83741000": "PASTRANA",
  "83742000": "SAN ISIDRO",
  "83743000": "SAN MIGUEL",
  "83744000": "SANTA FE",
  "83745000": "TABANGO",
  "83746000": "TABONTABON",
  "83747000": "TACLOBAN CITY (Capital)",
  "83748000": "TANAUAN",
  "83749000": "TOLOSA",
  "83750000": "TUNGA",
  "83751000": "VILLABA",
  "84801000": "ALLEN",
  "84802000": "BIRI",
  "84803000": "BOBON",
  "84804000": "CAPUL",
  "84805000": "CATARMAN (Capital)",
  "84806000": "CATUBIG",
  "84807000": "GAMAY",
  "84808000": "LAOANG",
  "84809000": "LAPINIG",
  "84810000": "LAS NAVAS",
  "84811000": "LAVEZARES",
  "84812000": "MAPANAS",
  "84813000": "MONDRAGON",
  "84814000": "PALAPAG",
  "84815000": "PAMBUJAN",
  "84816000": "ROSARIO",
  "84817000": "SAN ANTONIO",
  "84818000": "SAN ISIDRO",
  "84819000": "SAN JOSE",
  "84820000": "SAN ROQUE",
  "84821000": "SAN VICENTE",
  "84822000": "SILVINO LOBOS",
  "84823000": "VICTORIA",
  "84824000": "LOPE DE VEGA",
  "86001000": "ALMAGRO",
  "86002000": "BASEY",
  "86003000": "CALBAYOG CITY",
  "86004000": "CALBIGA",
  "86005000": "CITY OF CATBALOGAN (Capital)",
  "86006000": "DARAM",
  "86007000": "GANDARA",
  "86008000": "HINABANGAN",
  "86009000": "JIABONG",
  "86010000": "MARABUT",
  "86011000": "MATUGUINAO",
  "86012000": "MOTIONG",
  "86013000": "PINABACDAO",
  "86014000": "SAN JOSE DE BUAN",
  "86015000": "SAN SEBASTIAN",
  "86016000": "SANTA MARGARITA",
  "86017000": "SANTA RITA",
  "86018000": "SANTO NINO",
  "86019000": "TALALORA",
  "86020000": "TARANGNAN",
  "86021000": "VILLAREAL",
  "86022000": "PARANAS (WRIGHT)",
  "86023000": "ZUMARRAGA",
  "86024000": "TAGAPUL-AN",
  "86025000": "SAN JORGE",
  "86026000": "PAGSANGHAN",
  "86401000": "ANAHAWAN",
  "86402000": "BONTOC",
  "86403000": "HINUNANGAN",
  "86404000": "HINUNDAYAN",
  "86405000": "LIBAGON",
  "86406000": "LILOAN",
  "86407000": "CITY OF MAASIN (Capital)",
  "86408000": "MACROHON",
  "86409000": "MALITBOG",
  "86410000": "PADRE BURGOS",
  "86411000": "PINTUYAN",
  "86412000": "SAINT BERNARD",
  "86413000": "SAN FRANCISCO",
  "86414000": "SAN JUAN (CABALIAN)",
  "86415000": "SAN RICARDO",
  "86416000": "SILAGO",
  "86417000": "SOGOD",
  "86418000": "TOMAS OPPUS",
  "86419000": "LIMASAWA",
  "87801000": "ALMERIA",
  "87802000": "BILIRAN",
  "87803000": "CABUCGAYAN",
  "87804000": "CAIBIRAN",
  "87805000": "CULABA",
  "87806000": "KAWAYAN",
  "87807000": "MARIPIPI",
  "87808000": "NAVAL (Capital)",
  "97201000": "DAPITAN CITY",
  "97202000": "DIPOLOG CITY (Capital)",
  "97203000": "KATIPUNAN",
  "97204000": "LA LIBERTAD",
  "97205000": "LABASON",
  "97206000": "LILOY",
  "97207000": "MANUKAN",
  "97208000": "MUTIA",
  "97209000": "PINAN",
  "97210000": "POLANCO",
  "97211000": "PRES. MANUEL A. ROXAS",
  "97212000": "RIZAL",
  "97213000": "SALUG",
  "97214000": "SERGIO OSMEnA SR.",
  "97215000": "SIAYAN",
  "97216000": "SIBUCO",
  "97217000": "SIBUTAD",
  "97218000": "SINDANGAN",
  "97219000": "SIOCON",
  "97220000": "SIRAWAI",
  "97221000": "TAMPILISAN",
  "97222000": "JOSE DALMAN (PONOT)",
  "97223000": "GUTALAC",
  "97224000": "BALIGUIAN",
  "97225000": "GODOD",
  "97226000": "BACUNGAN (Leon T. Postigo)",
  "97227000": "KALAWIT",
  "97302000": "AURORA",
  "97303000": "BAYOG",
  "97305000": "DIMATALING",
  "97306000": "DINAS",
  "97307000": "DUMALINAO",
  "97308000": "DUMINGAG",
  "97311000": "KUMALARANG",
  "97312000": "LABANGAN",
  "97313000": "LAPUYAN",
  "97315000": "MAHAYAG",
  "97317000": "MARGOSATUBIG",
  "97318000": "MIDSALIP",
  "97319000": "MOLAVE",
  "97322000": "PAGADIAN CITY (Capital)",
  "97323000": "RAMON MAGSAYSAY (LIARGO)",
  "97324000": "SAN MIGUEL",
  "97325000": "SAN PABLO",
  "97327000": "TABINA",
  "97328000": "TAMBULIG",
  "97330000": "TUKURAN",
  "97332000": "ZAMBOANGA CITY",
  "97333000": "LAKEWOOD",
  "97337000": "JOSEFINA",
  "97338000": "PITOGO",
  "97340000": "SOMINOT (DON MARIANO MARCOS)",
  "97341000": "VINCENZO A. SAGUN",
  "97343000": "GUIPOS",
  "97344000": "TIGBAO",
  "98301000": "ALICIA",
  "98302000": "BUUG",
  "98303000": "DIPLAHAN",
  "98304000": "IMELDA",
  "98305000": "IPIL (Capital)",
  "98306000": "KABASALAN",
  "98307000": "MABUHAY",
  "98308000": "MALANGAS",
  "98309000": "NAGA",
  "98310000": "OLUTANGA",
  "98311000": "PAYAO",
  "98312000": "ROSELLER LIM",
  "98313000": "SIAY",
  "98314000": "TALUSAN",
  "98315000": "TITAY",
  "98316000": "TUNGAWAN",
  "99701000": "CITY OF ISABELA (Capital)",
  "101301000": "BAUNGON",
  "101302000": "DAMULOG",
  "101303000": "DANGCAGAN",
  "101304000": "DON CARLOS",
  "101305000": "IMPASUG-ONG",
  "101306000": "KADINGILAN",
  "101307000": "KALILANGAN",
  "101308000": "KIBAWE",
  "101309000": "KITAOTAO",
  "101310000": "LANTAPAN",
  "101311000": "LIBONA",
  "101312000": "CITY OF MALAYBALAY (Capital)",
  "101313000": "MALITBOG",
  "101314000": "MANOLO FORTICH",
  "101315000": "MARAMAG",
  "101316000": "PANGANTUCAN",
  "101317000": "QUEZON",
  "101318000": "SAN FERNANDO",
  "101319000": "SUMILAO",
  "101320000": "TALAKAG",
  "101321000": "CITY OF VALENCIA",
  "101322000": "CABANGLASAN",
  "101801000": "CATARMAN",
  "101802000": "GUINSILIBAN",
  "101803000": "MAHINOG",
  "101804000": "MAMBAJAO - Capital",
  "101805000": "SAGAY",
  "103501000": "BACOLOD",
  "103502000": "BALOI",
  "103503000": "BAROY",
  "103504000": "ILIGAN CITY",
  "103505000": "KAPATAGAN",
  "103506000": "SULTAN NAGA DIMAPORO (KAROMATAN)",
  "103507000": "KAUSWAGAN",
  "103508000": "KOLAMBUGAN",
  "103509000": "LALA",
  "103510000": "LINAMON",
  "103511000": "MAGSAYSAY",
  "103512000": "MAIGO",
  "103513000": "MATUNGAO",
  "103514000": "MUNAI",
  "103515000": "NUNUNGAN",
  "103516000": "PANTAO RAGAT",
  "103517000": "POONA PIAGAPO",
  "103518000": "SALVADOR",
  "103519000": "SAPAD",
  "103520000": "TAGOLOAN",
  "103521000": "TANGCAL",
  "103522000": "TUBOD (Capital)",
  "103523000": "PANTAR",
  "104201000": "ALORAN",
  "104202000": "BALIANGAO",
  "104203000": "BONIFACIO",
  "104204000": "CALAMBA",
  "104205000": "CLARIN",
  "104206000": "CONCEPCION",
  "104207000": "JIMENEZ",
  "104208000": "LOPEZ JAENA",
  "104209000": "OROQUIETA CITY (Capital)",
  "104210000": "OZAMIS CITY",
  "104211000": "PANAON",
  "104212000": "PLARIDEL",
  "104213000": "SAPANG DALAGA",
  "104214000": "SINACABAN",
  "104215000": "TANGUB CITY",
  "104216000": "TUDELA",
  "104217000": "DON VICTORIANO CHIONGBIAN  (DON MARIANO MARCOS)",
  "104301000": "ALUBIJID",
  "104302000": "BALINGASAG",
  "104303000": "BALINGOAN",
  "104304000": "BINUANGAN",
  "104305000": "CAGAYAN DE ORO CITY (Capital)",
  "104306000": "CLAVERIA",
  "104307000": "CITY OF EL SALVADOR",
  "104308000": "GINGOOG CITY",
  "104309000": "GITAGUM",
  "104310000": "INITAO",
  "104311000": "JASAAN",
  "104312000": "KINOGUITAN",
  "104313000": "LAGONGLONG",
  "104314000": "LAGUINDINGAN",
  "104315000": "LIBERTAD",
  "104316000": "LUGAIT",
  "104317000": "MAGSAYSAY (LINUGOS)",
  "104318000": "MANTICAO",
  "104319000": "MEDINA",
  "104320000": "NAAWAN",
  "104321000": "OPOL",
  "104322000": "SALAY",
  "104323000": "SUGBONGCOGON",
  "104324000": "TAGOLOAN",
  "104325000": "Talisayan",
  "104326000": "Villanueva",
  "112301000": "Asuncion (Saug)",
  "112303000": "Carmen",
  "112305000": "Kapalong",
  "112314000": "New Corella",
  "112315000": "City of Panabo",
  "112317000": "Island Garden City of Samal",
  "112318000": "Santo Tomas",
  "112319000": "City of Tagum (Capital)",
  "112322000": "Talaingod",
  "112323000": "Braulio E. Dujali",
  "112324000": "San Isidro",
  "112401000": "Bansalan",
  "112402000": "Davao City",
  "112403000": "City of Digos (Capital)",
  "112404000": "Hagonoy",
  "112406000": "Kiblawan",
  "112407000": "Magsaysay",
  "112408000": "Malalag",
  "112410000": "Matanao",
  "112411000": "Padada",
  "112412000": "Santa Cruz",
  "112414000": "Sulop",
  "112501000": "Baganga",
  "112502000": "Banaybanay",
  "112503000": "Boston",
  "112504000": "Caraga",
  "112505000": "Cateel",
  "112506000": "Governor Generoso",
  "112507000": "Lupon",
  "112508000": "Manay",
  "112509000": "City of Mati (Capital)",
  "112510000": "San Isidro",
  "112511000": "Tarragona",
  "118201000": "Compostela",
  "118202000": "Laak (San Vicente)",
  "118203000": "Mabini (Dona Alicia)",
  "118204000": "Maco",
  "118205000": "Maragusan (San Mariano)",
  "118206000": "Mawab",
  "118207000": "Monkayo",
  "118208000": "Montevista",
  "118209000": "Nabunturan (Capital)",
  "118210000": "New Bataan",
  "118211000": "Pantukan",
  "118601000": "Don Marcelino",
  "118602000": "Jose Abad Santos (Trinidad)",
  "118603000": "Malita",
  "118604000": "Santa Maria",
  "118605000": "Sarangani",
  "124701000": "Alamada",
  "124702000": "Carmen",
  "124703000": "Kabacan",
  "124704000": "City of Kidapawan (Capital)",
  "124705000": "Libungan",
  "124706000": "Magpet",
  "124707000": "Makilala",
  "124708000": "Matalam",
  "124709000": "Midsayap",
  "124710000": "Mlang",
  "124711000": "Pigcawayan",
  "124712000": "Pikit",
  "124713000": "President Roxas",
  "124714000": "Tulunan",
  "124715000": "Antipas",
  "124716000": "Banisilan",
  "124717000": "Aleosan",
  "124718000": "Arakan",
  "126302000": "Banga",
  "126303000": "General Santos City (Dadiangas)",
  "126306000": "City of Koronadal (Capital)",
  "126311000": "Norala",
  "126312000": "Polomolok",
  "126313000": "Surallah",
  "126314000": "Tampakan",
  "126315000": "Tantangan",
  "126316000": "Tboli",
  "126317000": "Tupi",
  "126318000": "Santo Nino",
  "126319000": "Lake Sebu",
  "126501000": "Bagumbayan",
  "126502000": "Columbio",
  "126503000": "Esperanza",
  "126504000": "Isulan (Capital)",
  "126505000": "Kalamansig",
  "126506000": "Lebak",
  "126507000": "Lutayan",
  "126508000": "Lambayong (Mariano Marcos)",
  "126509000": "Palimbang",
  "126510000": "President Quirino",
  "126511000": "City of Tacurong",
  "126512000": "Sen. Ninoy Aquino",
  "128001000": "Alabel (Capital)",
  "128002000": "Glan",
  "128003000": "Kiamba",
  "128004000": "Maasim",
  "128005000": "Maitum",
  "128006000": "Malapatan",
  "128007000": "Malungon",
  "129804000": "Cotabato City",
  "133900000": "CITY OF MANILA",
  "137401000": "CITY OF MANDALUYONG",
  "137402000": "CITY OF MARIKINA",
  "137403000": "CITY OF PASIG",
  "137404000": "QUEZON CITY",
  "137405000": "CITY OF SAN JUAN",
  "137501000": "CALOOCAN CITY",
  "137502000": "CITY OF MALABON",
  "137503000": "CITY OF NAVOTAS",
  "137504000": "CITY OF VALENZUELA",
  "137601000": "CITY OF LAS PInAS",
  "137602000": "CITY OF MAKATI",
  "137603000": "CITY OF MUNTINLUPA",
  "137604000": "CITY OF PARAnAQUE",
  "137605000": "PASAY CITY",
  "137606000": "PATEROS",
  "137607000": "TAGUIG CITY",
  "140101000": "BANGUED (Capital)",
  "140102000": "BOLINEY",
  "140103000": "BUCAY",
  "140104000": "BUCLOC",
  "140105000": "DAGUIOMAN",
  "140106000": "DANGLAS",
  "140107000": "DOLORES",
  "140108000": "LA PAZ",
  "140109000": "LACUB",
  "140110000": "LAGANGILANG",
  "140111000": "LAGAYAN",
  "140112000": "LANGIDEN",
  "140113000": "LICUAN-BAAY (LICUAN)",
  "140114000": "LUBA",
  "140115000": "MALIBCONG",
  "140116000": "MANABO",
  "140117000": "PEnARRUBIA",
  "140118000": "PIDIGAN",
  "140119000": "PILAR",
  "140120000": "SALLAPADAN",
  "140121000": "SAN ISIDRO",
  "140122000": "SAN JUAN",
  "140123000": "SAN QUINTIN",
  "140124000": "TAYUM",
  "140125000": "TINEG",
  "140126000": "TUBO",
  "140127000": "VILLAVICIOSA",
  "141101000": "ATOK",
  "141102000": "BAGUIO CITY",
  "141103000": "BAKUN",
  "141104000": "BOKOD",
  "141105000": "BUGUIAS",
  "141106000": "ITOGON",
  "141107000": "KABAYAN",
  "141108000": "KAPANGAN",
  "141109000": "KIBUNGAN",
  "141110000": "LA TRINIDAD (Capital)",
  "141111000": "MANKAYAN",
  "141112000": "SABLAN",
  "141113000": "TUBA",
  "141114000": "TUBLAY",
  "142701000": "BANAUE",
  "142702000": "HUNGDUAN",
  "142703000": "KIANGAN",
  "142704000": "LAGAWE (Capital)",
  "142705000": "LAMUT",
  "142706000": "MAYOYAO",
  "142707000": "ALFONSO LISTA (POTIA)",
  "142708000": "AGUINALDO",
  "142709000": "HINGYON",
  "142710000": "TINOC",
  "142711000": "ASIPULO",
  "143201000": "BALBALAN",
  "143206000": "LUBUAGAN",
  "143208000": "PASIL",
  "143209000": "PINUKPUK",
  "143211000": "RIZAL (LIWAN)",
  "143213000": "CITY OF TABUK (Capital)",
  "143214000": "TANUDAN",
  "143215000": "TINGLAYAN",
  "144401000": "BARLIG",
  "144402000": "BAUKO",
  "144403000": "BESAO",
  "144404000": "BONTOC (Capital)",
  "144405000": "NATONIN",
  "144406000": "PARACELIS",
  "144407000": "SABANGAN",
  "144408000": "SADANGA",
  "144409000": "SAGADA",
  "144410000": "TADIAN",
  "148101000": "CALANASAN (BAYAG)",
  "148102000": "CONNER",
  "148103000": "FLORA",
  "148104000": "KABUGAO (Capital)",
  "148105000": "LUNA",
  "148106000": "PUDTOL",
  "148107000": "SANTA MARCELA",
  "150702000": "City of Lamitan",
  "150703000": "Lantawan",
  "150704000": "Maluso",
  "150705000": "Sumisip",
  "150706000": "Tipo-Tipo",
  "150707000": "TUburan",
  "150708000": "Akbar",
  "150709000": "Al-Barka",
  "150710000": "Hadji Mohammad Ajul",
  "150711000": "UNGKAYA PUKAN",
  "150712000": "HADJI MUHTAMAD",
  "150713000": "TABUAN-LASA",
  "153601000": "BACOLOD-KALAWI (BACOLOD GRANDE)",
  "153602000": "BALABAGAN",
  "153603000": "BALINDONG (WATU)",
  "153604000": "BAYANG",
  "153605000": "BINIDAYAN",
  "153606000": "BUBONG",
  "153607000": "BUTIG",
  "153609000": "GANASSI",
  "153610000": "KAPAI",
  "153611000": "LUMBA-BAYABAO (MAGUING)",
  "153612000": "LUMBATAN",
  "153613000": "MADALUM",
  "153614000": "MADAMBA",
  "153615000": "MALABANG",
  "153616000": "MARANTAO",
  "153617000": "MARAWI CITY (Capital)",
  "153618000": "MASIU",
  "153619000": "MULONDO",
  "153620000": "PAGAYAWAN (TATARIKAN)",
  "153621000": "PIAGAPO",
  "153622000": "POONA BAYABAO (GATA)",
  "153623000": "PUALAS",
  "153624000": "DITSAAN-RAMAIN",
  "153625000": "SAGUIARAN",
  "153626000": "TAMPARAN",
  "153627000": "TARAKA",
  "153628000": "TUBARAN",
  "153629000": "TUGAYA",
  "153630000": "WAO",
  "153631000": "MAROGONG",
  "153632000": "CALANOGAS",
  "153633000": "BUADIPOSO-BUNTONG",
  "153634000": "MAGUING",
  "153635000": "PICONG (SULTAN GUMANDER)",
  "153636000": "LUMBAYANAGUE",
  "153637000": "BUMBARAN",
  "153638000": "TAGOLOAN II",
  "153639000": "KAPATAGAN",
  "153640000": "SULTAN DUMALONDONG",
  "153641000": "LUMBACA-UNAYAN",
  "153801000": "AMPATUAN",
  "153802000": "BULDON",
  "153803000": "BULUAN",
  "153805000": "DATU PAGLAS",
  "153806000": "DATU PIANG",
  "153807000": "DATU ODIN SINSUAT (DINAIG)",
  "153808000": "SHARIFF AGUAK (MAGANOY) (Capital)",
  "153809000": "MATANOG",
  "153810000": "PAGALUNGAN",
  "153811000": "PARANG",
  "153812000": "SULTAN KUDARAT (NULING)",
  "153813000": "SULTAN SA BARONGIS (LAMBAYONG)",
  "153814000": "KABUNTALAN (TUMBAO)",
  "153815000": "UPI",
  "153816000": "TALAYAN",
  "153817000": "SOUTH UPI",
  "153818000": "BARIRA",
  "153819000": "GEN. S. K. PENDATUN",
  "153820000": "MAMASAPANO",
  "153821000": "TALITAY",
  "153822000": "PAGAGAWAN",
  "153823000": "PAGLAT",
  "153824000": "SULTAN MASTURA",
  "153825000": "GUINDULUNGAN",
  "153826000": "DATU SAUDI-AMPATUAN",
  "153827000": "DATU UNSAY",
  "153828000": "DATU ABDULLAH SANGKI",
  "153829000": "RAJAH BUAYAN",
  "153830000": "DATU BLAH T. SINSUAT",
  "153831000": "DATU ANGGAL MIDTIMBANG",
  "153832000": "MANGUDADATU",
  "153833000": "PANDAG",
  "153834000": "NORTHERN KABUNTALAN",
  "153835000": "DATU HOFFER AMPATUAN",
  "153836000": "DATU SALIBO",
  "153837000": "SHARIFF SAYDONA MUSTAPHA",
  "156601000": "INDANAN",
  "156602000": "JOLO (Capital)",
  "156603000": "KALINGALAN CALUANG",
  "156604000": "LUUK",
  "156605000": "MAIMBUNG",
  "156606000": "HADJI PANGLIMA TAHIL (MARUNGGAS)",
  "156607000": "OLD PANAMAO",
  "156608000": "PANGUTARAN",
  "156609000": "PARANG",
  "156610000": "PATA",
  "156611000": "PATIKUL",
  "156612000": "SIASI",
  "156613000": "TALIPAO",
  "156614000": "TAPUL",
  "156615000": "TONGKIL",
  "156616000": "PANGLIMA ESTINO (NEW PANAMAO)",
  "156617000": "LUGUS",
  "156618000": "PANDAMI",
  "156619000": "OMAR",
  "157001000": "PANGLIMA SUGALA (BALIMBING) (Capital)",
  "157002000": "BONGAO (Capital)",
  "157003000": "MAPUN (CAGAYAN DE TAWI-TAWI)",
  "157004000": "SIMUNUL",
  "157005000": "SITANGKAI",
  "157006000": "SOUTH UBIAN",
  "157007000": "TANDUBAS",
  "157008000": "TURTLE ISLANDS",
  "157009000": "LANGUYAN",
  "157010000": "SAPA-SAPA",
  "157011000": "SIBUTU",
  "160201000": "Buenavista",
  "160202000": "Butuan City (Capital)",
  "160203000": "City of Cabadbaran",
  "160204000": "Carmen",
  "160205000": "Jabonga",
  "160206000": "Kitcharao",
  "160207000": "Las Nieves",
  "160208000": "Magallanes",
  "160209000": "Nasipit",
  "160210000": "Santiago",
  "160211000": "Tubay",
  "160212000": "Remedios T. Romualdez",
  "160301000": "City of Bayugan",
  "160302000": "Bunawan",
  "160303000": "Esperanza",
  "160304000": "La Paz",
  "160305000": "Loreto",
  "160306000": "Prosperidad (Capital)",
  "160307000": "Rosario",
  "160308000": "San Francisco",
  "160309000": "San Luis",
  "160310000": "Santa Josefa",
  "160311000": "Talacogon",
  "160312000": "Trento",
  "160313000": "Veruela",
  "160314000": "Sibagat",
  "166701000": "Alegria",
  "166702000": "Bacuag",
  "166704000": "Burgos",
  "166706000": "Claver",
  "166707000": "Dapa",
  "166708000": "Del Carmen",
  "166710000": "General Luna",
  "166711000": "Gigaquit",
  "166714000": "Mainit",
  "166715000": "Malimono",
  "166716000": "Pilar",
  "166717000": "Placer",
  "166718000": "San Benito",
  "166719000": "San Francisco (Anao-Aon)",
  "166720000": "San Isidro",
  "166721000": "Santa Monica (Sapao)",
  "166722000": "Sison",
  "166723000": "Socorro",
  "166724000": "Surigao City (Capital)",
  "166725000": "Tagana-an",
  "166727000": "Tubod",
  "166801000": "Barobo",
  "166802000": "Bayabas",
  "166803000": "City of Bislig",
  "166804000": "Cagwait",
  "166805000": "Cantilan",
  "166806000": "Carmen",
  "166807000": "Carrascal",
  "166808000": "Cortes",
  "166809000": "Hinatuan",
  "166810000": "Lanuza",
  "166811000": "Lianga",
  "166812000": "Lingig",
  "166813000": "Madrid",
  "166814000": "Marihatag",
  "166815000": "San Agustin",
  "166816000": "San Miguel",
  "166817000": "Tagbina",
  "166818000": "Tago",
  "166819000": "City of Tandag (Capital)",
  "168501000": "Basilisa (Rizal)",
  "168502000": "Cagdianao",
  "168503000": "Dinagat",
  "168504000": "Libjo (Albor)",
  "168505000": "Loreto",
  "168506000": "San Jose (Capital)",
  "168507000": "Tubajon",
  "174001000": "Boac (Capital)",
  "174002000": "Buenavista",
  "174003000": "Gasan",
  "174004000": "Mogpog",
  "174005000": "Santa Cruz",
  "174006000": "Torrijos",
  "175101000": "Abra de Ilog",
  "175102000": "Calintaan",
  "175103000": "Looc",
  "175104000": "Lubang",
  "175105000": "Magsaysay",
  "175106000": "Mamburao (Capital)",
  "175107000": "Paluan",
  "175108000": "Rizal",
  "175109000": "SABLAYAN",
  "175110000": "SAN JOSE",
  "175111000": "SANTA CRUZ",
  "175201000": "BACO",
  "175202000": "BANSUD",
  "175203000": "BONGABONG",
  "175204000": "BULALACAO (SAN PEDRO)",
  "175205000": "CITY OF CALAPAN (Capital)",
  "175206000": "GLORIA",
  "175207000": "MANSALAY",
  "175208000": "NAUJAN",
  "175209000": "PINAMALAYAN",
  "175210000": "POLA",
  "175211000": "PUERTO GALERA",
  "175212000": "ROXAS",
  "175213000": "SAN TEODORO",
  "175214000": "SOCORRO",
  "175215000": "VICTORIA",
  "175301000": "ABORLAN",
  "175302000": "AGUTAYA",
  "175303000": "ARACELI",
  "175304000": "BALABAC",
  "175305000": "BATARAZA",
  "175306000": "BROOKES POINT",
  "175307000": "BUSUANGA",
  "175308000": "CAGAYANCILLO",
  "175309000": "CORON",
  "175310000": "CUYO",
  "175311000": "DUMARAN",
  "175312000": "EL NIDO (BACUIT)",
  "175313000": "LINAPACAN",
  "175314000": "MAGSAYSAY",
  "175315000": "NARRA",
  "175316000": "PUERTO PRINCESA CITY (Capital)",
  "175317000": "QUEZON",
  "175318000": "ROXAS",
  "175319000": "SAN VICENTE",
  "175320000": "TAYTAY",
  "175321000": "KALAYAAN",
  "175322000": "CULION",
  "175323000": "RIZAL (MARCOS)",
  "175324000": "SOFRONIO ESPANOLA",
  "175901000": "ALCANTARA",
  "175902000": "BANTON",
  "175903000": "CAJIDIOCAN",
  "175904000": "CALATRAVA",
  "175905000": "CONCEPCION",
  "175906000": "CORCUERA",
  "175907000": "LOOC",
  "175908000": "MAGDIWANG",
  "175909000": "ODIONGAN",
  "175910000": "ROMBLON (Capital)",
  "175911000": "SAN AGUSTIN",
  "175912000": "SAN ANDRES",
  "175913000": "SAN FERNANDO",
  "175914000": "SAN JOSE",
  "175915000": "SANTA FE",
  "175916000": "FERROL",
  "175917000": "SANTA MARIA (IMELDA)",
  "-98": "undetermined",
  "-99": "n/a",
  "98": "undetermined",
  "99": "n/a",
  "118601000": "Don Marcelino",
  "118602000": "Jose Abad Santos (Trinidad)",
  "118603000": "Malita",
  "118605000": "Sarangani"
}
